"Periodo","Multiplicador_del_subsidio_a_la_investigación_científica_y_desarrollo_experimental_financiada_por_las_empresas",
"2024","3.91887709991158",
"2023","4.73109998716468",
"2022","4.26068228349597",
"2021","5.97539165395813",
"2020","4.73934276121681",
"2019","4.60322929999016",
"2018","5.51756638371145",
"2017","4.84364292155095",
